{"textures":{"0":"modelengine:entity/nocsy_chibi_fox"},"elements":[{"from":[6.5714283,6.570229,5.475932],"to":[9.428572,8.855944,11.190218],"rotation":{"angle":0.0,"axis":"y","origin":[8.857143,2.3416572,8.904504]},"faces":{"east":{"uv":[2.0,2.0,3.25,2.5],"rotation":0,"texture":"#0","tintindex":0},"south":{"uv":[3.375,3.5,4.0,4.0],"rotation":0,"texture":"#0","tintindex":0},"north":{"uv":[2.625,3.5,3.25,4.0],"rotation":0,"texture":"#0","tintindex":0},"west":{"uv":[0.0,2.375,1.25,2.875],"rotation":0,"texture":"#0","tintindex":0},"up":{"uv":[0.625,1.25,0.0,0.0],"rotation":0,"texture":"#0","tintindex":0},"down":{"uv":[1.375,0.0,0.75,1.25],"rotation":0,"texture":"#0","tintindex":0}}},{"from":[6.5714283,5.8979416,11.0852995],"to":[9.428572,7.0407987,11.0852995],"rotation":{"angle":-22.5,"axis":"x","origin":[8.0,7.0979414,10.971014]},"faces":{"east":{"uv":[5.25,1.375,5.25,1.625],"rotation":0,"texture":"#0","tintindex":0},"south":{"uv":[5.125,4.375,5.75,4.625],"rotation":0,"texture":"#0","tintindex":0},"north":{"uv":[5.125,4.0,5.75,4.25],"rotation":0,"texture":"#0","tintindex":0},"west":{"uv":[0.25,7.25,0.25,7.5],"rotation":0,"texture":"#0","tintindex":0},"up":{"uv":[6.0,0.5,5.375,0.5],"rotation":0,"texture":"#0","tintindex":0},"down":{"uv":[7.875,0.25,7.25,0.25],"rotation":0,"texture":"#0","tintindex":0}}},{"from":[9.974668,5.5391045,5.475932],"to":[9.974668,6.110533,11.190218],"rotation":{"angle":22.5,"axis":"z","origin":[8.546096,4.967676,8.333076]},"faces":{"east":{"uv":[5.125,4.75,6.375,4.875],"rotation":0,"texture":"#0","tintindex":0},"south":{"uv":[0.5,4.5,0.5,4.625],"rotation":0,"texture":"#0","tintindex":0},"north":{"uv":[3.75,0.625,3.75,0.75],"rotation":0,"texture":"#0","tintindex":0},"west":{"uv":[5.25,0.625,6.5,0.75],"rotation":0,"texture":"#0","tintindex":0},"up":{"uv":[6.375,8.5,6.375,7.25],"rotation":0,"texture":"#0","tintindex":0},"down":{"uv":[7.25,7.125,7.25,8.375],"rotation":0,"texture":"#0","tintindex":0}}},{"from":[9.974668,6.110533,5.475932],"to":[9.974668,7.2533903,11.190218],"rotation":{"angle":22.5,"axis":"z","origin":[8.546096,6.110533,8.333076]},"faces":{"east":{"uv":[3.875,0.625,5.125,0.875],"rotation":0,"texture":"#0","tintindex":0},"south":{"uv":[0.5,7.375,0.5,7.625],"rotation":0,"texture":"#0","tintindex":0},"north":{"uv":[0.375,7.375,0.375,7.625],"rotation":0,"texture":"#0","tintindex":0},"west":{"uv":[3.875,1.0,5.125,1.25],"rotation":0,"texture":"#0","tintindex":0},"up":{"uv":[0.625,8.625,0.625,7.375],"rotation":0,"texture":"#0","tintindex":0},"down":{"uv":[0.75,7.375,0.75,8.625],"rotation":0,"texture":"#0","tintindex":0}}},{"from":[6.0253325,6.110533,5.475932],"to":[6.0253325,7.2533903,11.190218],"rotation":{"angle":-22.5,"axis":"z","origin":[7.453904,6.110533,8.333076]},"faces":{"east":{"uv":[3.875,1.375,5.125,1.625],"rotation":0,"texture":"#0","tintindex":0},"south":{"uv":[0.875,7.375,0.875,7.625],"rotation":0,"texture":"#0","tintindex":0},"north":{"uv":[7.375,0.625,7.375,0.875],"rotation":0,"texture":"#0","tintindex":0},"west":{"uv":[4.0,2.375,5.25,2.625],"rotation":0,"texture":"#0","tintindex":0},"up":{"uv":[1.0,8.625,1.0,7.375],"rotation":0,"texture":"#0","tintindex":0},"down":{"uv":[1.125,7.375,1.125,8.625],"rotation":0,"texture":"#0","tintindex":0}}},{"from":[6.0253325,5.5391045,5.475932],"to":[6.0253325,6.110533,11.190218],"rotation":{"angle":-22.5,"axis":"z","origin":[7.453904,4.967676,8.333076]},"faces":{"east":{"uv":[5.25,0.875,6.5,1.0],"rotation":0,"texture":"#0","tintindex":0},"south":{"uv":[7.375,1.0,7.375,1.125],"rotation":0,"texture":"#0","tintindex":0},"north":{"uv":[5.375,7.0,5.375,7.125],"rotation":0,"texture":"#0","tintindex":0},"west":{"uv":[5.25,1.125,6.5,1.25],"rotation":0,"texture":"#0","tintindex":0},"up":{"uv":[1.25,8.625,1.25,7.375],"rotation":0,"texture":"#0","tintindex":0},"down":{"uv":[1.375,7.375,1.375,8.625],"rotation":0,"texture":"#0","tintindex":0}}},{"from":[6.5714283,5.868308,4.8199034],"to":[9.428572,6.439737,4.8199034],"rotation":{"angle":-22.5,"axis":"x","origin":[8.0,8.154022,4.8199034]},"faces":{"east":{"uv":[7.375,1.25,7.375,1.375],"rotation":0,"texture":"#0","tintindex":0},"south":{"uv":[6.75,2.125,7.375,2.25],"rotation":0,"texture":"#0","tintindex":0},"north":{"uv":[6.75,0.375,7.375,0.5],"rotation":0,"texture":"#0","tintindex":0},"west":{"uv":[1.5,7.375,1.5,7.5],"rotation":0,"texture":"#0","tintindex":0},"up":{"uv":[7.875,2.0,7.25,2.0],"rotation":0,"texture":"#0","tintindex":0},"down":{"uv":[8.0,1.5,7.375,1.5],"rotation":0,"texture":"#0","tintindex":0}}}],"display":{"head":{"translation":[0.0,-6.4,0.0],"scale":[4.0,4.0,4.0]}}}