{"textures":{"0":"modelengine:entity/nocsy_chibi_fox"},"elements":[{"from":[7.142857,7.0714483,6.9714284],"to":[8.857143,8.214306,8.685715],"rotation":{"angle":0.0,"axis":"y","origin":[5.428571,5.242857,5.771428]},"faces":{"east":{"uv":[1.125,6.75,1.5,7.0],"rotation":0,"texture":"#0","tintindex":0},"south":{"uv":[1.625,6.75,2.0,7.0],"rotation":0,"texture":"#0","tintindex":0},"north":{"uv":[6.75,0.0,7.125,0.25],"rotation":0,"texture":"#0","tintindex":0},"west":{"uv":[6.75,1.75,7.125,2.0],"rotation":0,"texture":"#0","tintindex":0},"up":{"uv":[6.5,3.25,6.125,2.875],"rotation":0,"texture":"#0","tintindex":0},"down":{"uv":[6.5,3.375,6.125,3.75],"rotation":0,"texture":"#0","tintindex":0}}},{"from":[7.5009212,5.5881677,5.9344525],"to":[7.5009212,5.9310246,6.5058813],"rotation":{"angle":-45.0,"axis":"x","origin":[8.114285,7.65436,4.6685233]},"faces":{"east":{"uv":[7.25,5.875,7.375,6.0],"rotation":0,"texture":"#0","tintindex":0},"south":{"uv":[7.875,7.75,7.875,7.875],"rotation":0,"texture":"#0","tintindex":0},"north":{"uv":[7.5,7.875,7.5,8.0],"rotation":0,"texture":"#0","tintindex":0},"west":{"uv":[6.125,7.25,6.25,7.375],"rotation":0,"texture":"#0","tintindex":0},"up":{"uv":[8.0,0.375,8.0,0.25],"rotation":0,"texture":"#0","tintindex":0},"down":{"uv":[0.375,8.0,0.375,8.125],"rotation":0,"texture":"#0","tintindex":0}}},{"from":[8.07235,5.5881677,5.9344525],"to":[8.07235,5.9310246,6.5058813],"rotation":{"angle":-45.0,"axis":"x","origin":[8.114285,7.65436,4.6685233]},"faces":{"east":{"uv":[7.25,6.125,7.375,6.25],"rotation":0,"texture":"#0","tintindex":0},"south":{"uv":[8.0,0.75,8.0,0.875],"rotation":0,"texture":"#0","tintindex":0},"north":{"uv":[0.5,8.0,0.5,8.125],"rotation":0,"texture":"#0","tintindex":0},"west":{"uv":[7.25,6.375,7.375,6.5],"rotation":0,"texture":"#0","tintindex":0},"up":{"uv":[8.0,1.125,8.0,1.0],"rotation":0,"texture":"#0","tintindex":0},"down":{"uv":[8.0,1.25,8.0,1.375],"rotation":0,"texture":"#0","tintindex":0}}},{"from":[8.758064,5.5881677,5.9344525],"to":[8.758064,5.9310246,6.5058813],"rotation":{"angle":-45.0,"axis":"x","origin":[8.114285,7.65436,4.6685233]},"faces":{"east":{"uv":[7.25,6.625,7.375,6.75],"rotation":0,"texture":"#0","tintindex":0},"south":{"uv":[8.0,1.625,8.0,1.75],"rotation":0,"texture":"#0","tintindex":0},"north":{"uv":[1.5,8.0,1.5,8.125],"rotation":0,"texture":"#0","tintindex":0},"west":{"uv":[7.25,6.875,7.375,7.0],"rotation":0,"texture":"#0","tintindex":0},"up":{"uv":[1.875,8.125,1.875,8.0],"rotation":0,"texture":"#0","tintindex":0},"down":{"uv":[8.0,1.875,8.0,2.0],"rotation":0,"texture":"#0","tintindex":0}}}],"display":{"head":{"translation":[0.0,-6.4,0.0],"scale":[4.0,4.0,4.0]}}}