{"textures":{"0":"modelengine:entity/nocsy_chibi_fox"},"elements":[{"from":[7.142857,7.0714483,6.9714284],"to":[8.857143,8.214306,8.685715],"rotation":{"angle":0.0,"axis":"y","origin":[10.571428,5.242857,5.771428]},"faces":{"east":{"uv":[6.625,3.5,7.0,3.75],"rotation":0,"texture":"#0","tintindex":0},"south":{"uv":[4.5,6.625,4.875,6.875],"rotation":0,"texture":"#0","tintindex":0},"north":{"uv":[6.625,3.125,7.0,3.375],"rotation":0,"texture":"#0","tintindex":0},"west":{"uv":[5.0,6.625,5.375,6.875],"rotation":0,"texture":"#0","tintindex":0},"up":{"uv":[5.875,6.375,5.5,6.0],"rotation":0,"texture":"#0","tintindex":0},"down":{"uv":[6.375,5.5,6.0,5.875],"rotation":0,"texture":"#0","tintindex":0}}},{"from":[7.241936,5.5881677,5.9344525],"to":[7.241936,5.9310246,6.5058813],"rotation":{"angle":-45.0,"axis":"x","origin":[7.885714,7.65436,4.6685233]},"faces":{"east":{"uv":[7.25,5.125,7.375,5.25],"rotation":0,"texture":"#0","tintindex":0},"south":{"uv":[7.875,4.875,7.875,5.0],"rotation":0,"texture":"#0","tintindex":0},"north":{"uv":[7.875,4.625,7.875,4.75],"rotation":0,"texture":"#0","tintindex":0},"west":{"uv":[5.375,7.25,5.5,7.375],"rotation":0,"texture":"#0","tintindex":0},"up":{"uv":[7.875,5.25,7.875,5.125],"rotation":0,"texture":"#0","tintindex":0},"down":{"uv":[7.875,5.375,7.875,5.5],"rotation":0,"texture":"#0","tintindex":0}}},{"from":[7.9276505,5.5881677,5.9344525],"to":[7.9276505,5.9310246,6.5058813],"rotation":{"angle":-45.0,"axis":"x","origin":[7.885714,7.65436,4.6685233]},"faces":{"east":{"uv":[7.25,5.375,7.375,5.5],"rotation":0,"texture":"#0","tintindex":0},"south":{"uv":[7.875,5.875,7.875,6.0],"rotation":0,"texture":"#0","tintindex":0},"north":{"uv":[7.875,5.625,7.875,5.75],"rotation":0,"texture":"#0","tintindex":0},"west":{"uv":[5.625,7.25,5.75,7.375],"rotation":0,"texture":"#0","tintindex":0},"up":{"uv":[6.25,8.0,6.25,7.875],"rotation":0,"texture":"#0","tintindex":0},"down":{"uv":[6.5,7.875,6.5,8.0],"rotation":0,"texture":"#0","tintindex":0}}},{"from":[8.499079,5.5881677,5.9344525],"to":[8.499079,5.9310246,6.5058813],"rotation":{"angle":-45.0,"axis":"x","origin":[7.885714,7.65436,4.6685233]},"faces":{"east":{"uv":[7.25,5.625,7.375,5.75],"rotation":0,"texture":"#0","tintindex":0},"south":{"uv":[7.875,6.75,7.875,6.875],"rotation":0,"texture":"#0","tintindex":0},"north":{"uv":[6.625,7.875,6.625,8.0],"rotation":0,"texture":"#0","tintindex":0},"west":{"uv":[5.875,7.25,6.0,7.375],"rotation":0,"texture":"#0","tintindex":0},"up":{"uv":[6.875,8.0,6.875,7.875],"rotation":0,"texture":"#0","tintindex":0},"down":{"uv":[7.375,7.875,7.375,8.0],"rotation":0,"texture":"#0","tintindex":0}}}],"display":{"head":{"translation":[0.0,-6.4,0.0],"scale":[4.0,4.0,4.0]}}}