{"textures":{"0":"modelengine:entity/nocsy_chibi_fox"},"elements":[{"from":[7.142857,7.0346484,7.2448263],"to":[8.857143,8.1775055,8.959112],"rotation":{"angle":0.0,"axis":"y","origin":[10.571428,5.2060766,10.159112]},"faces":{"east":{"uv":[6.0,6.5,6.375,6.75],"rotation":0,"texture":"#0","tintindex":0},"south":{"uv":[6.5,6.0,6.875,6.25],"rotation":0,"texture":"#0","tintindex":0},"north":{"uv":[6.5,5.625,6.875,5.875],"rotation":0,"texture":"#0","tintindex":0},"west":{"uv":[6.5,6.375,6.875,6.625],"rotation":0,"texture":"#0","tintindex":0},"up":{"uv":[6.25,2.25,5.875,1.875],"rotation":0,"texture":"#0","tintindex":0},"down":{"uv":[2.375,5.875,2.0,6.25],"rotation":0,"texture":"#0","tintindex":0}}},{"from":[8.613364,7.768456,7.139327],"to":[8.613364,8.168456,7.710756],"rotation":{"angle":-45.0,"axis":"x","origin":[8.0,7.6060767,8.10197]},"faces":{"east":{"uv":[7.125,3.125,7.25,3.25],"rotation":0,"texture":"#0","tintindex":0},"south":{"uv":[7.75,6.75,7.75,6.875],"rotation":0,"texture":"#0","tintindex":0},"north":{"uv":[6.75,7.75,6.75,7.875],"rotation":0,"texture":"#0","tintindex":0},"west":{"uv":[3.25,7.125,3.375,7.25],"rotation":0,"texture":"#0","tintindex":0},"up":{"uv":[7.625,7.875,7.625,7.75],"rotation":0,"texture":"#0","tintindex":0},"down":{"uv":[7.75,7.75,7.75,7.875],"rotation":0,"texture":"#0","tintindex":0}}},{"from":[8.041936,7.768456,7.139327],"to":[8.041936,8.168456,7.710756],"rotation":{"angle":-45.0,"axis":"x","origin":[8.0,7.6060767,8.10197]},"faces":{"east":{"uv":[7.125,3.375,7.25,3.5],"rotation":0,"texture":"#0","tintindex":0},"south":{"uv":[0.125,7.875,0.125,8.0],"rotation":0,"texture":"#0","tintindex":0},"north":{"uv":[0.0,7.875,0.0,8.0],"rotation":0,"texture":"#0","tintindex":0},"west":{"uv":[7.125,3.625,7.25,3.75],"rotation":0,"texture":"#0","tintindex":0},"up":{"uv":[0.25,8.0,0.25,7.875],"rotation":0,"texture":"#0","tintindex":0},"down":{"uv":[7.875,1.0,7.875,1.125],"rotation":0,"texture":"#0","tintindex":0}}},{"from":[7.3562217,7.768456,7.139327],"to":[7.3562217,8.168456,7.710756],"rotation":{"angle":-45.0,"axis":"x","origin":[8.0,7.6060767,8.10197]},"faces":{"east":{"uv":[6.5,7.125,6.625,7.25],"rotation":0,"texture":"#0","tintindex":0},"south":{"uv":[7.875,2.375,7.875,2.5],"rotation":0,"texture":"#0","tintindex":0},"north":{"uv":[1.75,7.875,1.75,8.0],"rotation":0,"texture":"#0","tintindex":0},"west":{"uv":[6.75,7.125,6.875,7.25],"rotation":0,"texture":"#0","tintindex":0},"up":{"uv":[2.625,8.0,2.625,7.875],"rotation":0,"texture":"#0","tintindex":0},"down":{"uv":[2.75,7.875,2.75,8.0],"rotation":0,"texture":"#0","tintindex":0}}}],"display":{"head":{"translation":[0.0,-6.4,0.0],"scale":[4.0,4.0,4.0]}}}