{"textures":{"0":"modelengine:entity/nocsy_chibi_fox"},"elements":[{"from":[8.772203,6.994563,9.327193],"to":[8.772203,9.280277,10.470051],"rotation":{"angle":-22.5,"axis":"y","origin":[7.195207,7.616499,10.608064]},"faces":{"east":{"uv":[0.0,6.25,0.25,6.75],"rotation":0,"texture":"#0","tintindex":0},"south":{"uv":[7.375,3.625,7.375,4.125],"rotation":0,"texture":"#0","tintindex":0},"north":{"uv":[3.375,7.375,3.375,7.875],"rotation":0,"texture":"#0","tintindex":0},"west":{"uv":[6.375,0.0,6.625,0.5],"rotation":0,"texture":"#0","tintindex":0},"up":{"uv":[4.5,7.625,4.5,7.375],"rotation":0,"texture":"#0","tintindex":0},"down":{"uv":[4.625,7.375,4.625,7.625],"rotation":0,"texture":"#0","tintindex":0}}},{"from":[7.227797,6.994563,9.327193],"to":[7.227797,9.280277,10.470051],"rotation":{"angle":22.5,"axis":"y","origin":[8.804792,7.616499,10.608064]},"faces":{"east":{"uv":[0.375,6.375,0.625,6.875],"rotation":0,"texture":"#0","tintindex":0},"south":{"uv":[4.875,7.375,4.875,7.875],"rotation":0,"texture":"#0","tintindex":0},"north":{"uv":[4.75,7.375,4.75,7.875],"rotation":0,"texture":"#0","tintindex":0},"west":{"uv":[0.75,6.375,1.0,6.875],"rotation":0,"texture":"#0","tintindex":0},"up":{"uv":[5.0,7.625,5.0,7.375],"rotation":0,"texture":"#0","tintindex":0},"down":{"uv":[6.5,7.375,6.5,7.625],"rotation":0,"texture":"#0","tintindex":0}}},{"from":[6.857143,6.994563,7.7426887],"to":[9.142858,9.280277,10.028402],"rotation":{"angle":0.0,"axis":"y","origin":[7.565861,7.616499,9.023559]},"faces":{"east":{"uv":[4.0,2.75,4.5,3.25],"rotation":0,"texture":"#0","tintindex":0},"south":{"uv":[0.625,4.125,1.125,4.625],"rotation":0,"texture":"#0","tintindex":0},"north":{"uv":[0.0,3.875,0.5,4.375],"rotation":0,"texture":"#0","tintindex":0},"west":{"uv":[1.25,4.125,1.75,4.625],"rotation":0,"texture":"#0","tintindex":0},"up":{"uv":[2.375,4.625,1.875,4.125],"rotation":0,"texture":"#0","tintindex":0},"down":{"uv":[3.0,4.125,2.5,4.625],"rotation":0,"texture":"#0","tintindex":0}}},{"from":[6.837473,9.366744,9.178023],"to":[9.123187,9.366744,10.32088],"rotation":{"angle":-22.5,"axis":"x","origin":[7.9803305,8.223887,9.178023]},"faces":{"east":{"uv":[6.625,7.375,6.875,7.375],"rotation":0,"texture":"#0","tintindex":0},"south":{"uv":[7.375,7.125,7.875,7.125],"rotation":0,"texture":"#0","tintindex":0},"north":{"uv":[7.375,4.25,7.875,4.25],"rotation":0,"texture":"#0","tintindex":0},"west":{"uv":[7.375,7.25,7.625,7.25],"rotation":0,"texture":"#0","tintindex":0},"up":{"uv":[6.375,4.625,5.875,4.375],"rotation":0,"texture":"#0","tintindex":0},"down":{"uv":[1.625,6.375,1.125,6.625],"rotation":0,"texture":"#0","tintindex":0}}},{"from":[6.837473,6.3852167,6.435166],"to":[9.123187,6.3852167,7.578023],"rotation":{"angle":22.5,"axis":"x","origin":[7.9803305,0.81378794,9.178023]},"faces":{"east":{"uv":[7.5,0.0,7.75,0.0],"rotation":0,"texture":"#0","tintindex":0},"south":{"uv":[7.5,0.125,8.0,0.125],"rotation":0,"texture":"#0","tintindex":0},"north":{"uv":[7.375,7.375,7.875,7.375],"rotation":0,"texture":"#0","tintindex":0},"west":{"uv":[7.5,0.375,7.75,0.375],"rotation":0,"texture":"#0","tintindex":0},"up":{"uv":[6.875,1.625,6.375,1.375],"rotation":0,"texture":"#0","tintindex":0},"down":{"uv":[2.25,6.375,1.75,6.625],"rotation":0,"texture":"#0","tintindex":0}}},{"from":[8.829324,6.994563,9.094545],"to":[8.829324,9.280277,10.237403],"rotation":{"angle":22.5,"axis":"y","origin":[8.086467,8.137421,8.18026]},"faces":{"east":{"uv":[6.375,1.75,6.625,2.25],"rotation":0,"texture":"#0","tintindex":0},"south":{"uv":[7.125,7.375,7.125,7.875],"rotation":0,"texture":"#0","tintindex":0},"north":{"uv":[7.0,7.375,7.0,7.875],"rotation":0,"texture":"#0","tintindex":0},"west":{"uv":[2.375,6.375,2.625,6.875],"rotation":0,"texture":"#0","tintindex":0},"up":{"uv":[0.0,7.75,0.0,7.5],"rotation":0,"texture":"#0","tintindex":0},"down":{"uv":[0.125,7.5,0.125,7.75],"rotation":0,"texture":"#0","tintindex":0}}},{"from":[7.1706758,6.994563,9.094545],"to":[7.1706758,9.280277,10.237403],"rotation":{"angle":-22.5,"axis":"y","origin":[7.913533,8.137421,8.18026]},"faces":{"east":{"uv":[2.75,6.5,3.0,7.0],"rotation":0,"texture":"#0","tintindex":0},"south":{"uv":[1.625,7.5,1.625,8.0],"rotation":0,"texture":"#0","tintindex":0},"north":{"uv":[7.5,0.5,7.5,1.0],"rotation":0,"texture":"#0","tintindex":0},"west":{"uv":[3.125,6.5,3.375,7.0],"rotation":0,"texture":"#0","tintindex":0},"up":{"uv":[7.5,1.375,7.5,1.125],"rotation":0,"texture":"#0","tintindex":0},"down":{"uv":[1.75,7.5,1.75,7.75],"rotation":0,"texture":"#0","tintindex":0}}}],"display":{"head":{"translation":[0.0,-6.4,0.0],"scale":[4.0,4.0,4.0]}}}